{"99764.13287385662": [0.530709903292417, 0.3171989820799329, 1.5480625337563634, 1.435282876672958, 0.6351470401690843, 1.120729826563866, 1.0827740388168015, 0.6486689421434546, 0.843797405654221, 0.07432257452233362, 0.31570334524147275, 0.46953335108770833, 0.12696917913750033, 0.8326724036304498, 0.3886574954039044, -0.04098575064235127, 0.09959080651233623, 0.5105685233523414, -0.5908728613262735, 0.5952213868381276, 0.16920277949696522, -1.93946332385439, 1.7866672010571674, -0.2146640664480305, 0.6917436611675105, 0.3488177777297904, 0.20549616831907144, 0.821143607109642, 0.34125502091366466, 0.8506373427740276, 1.0496346837266686, -0.08306809350467928, 0.021759747235876873, 0.7199222809064938, 0.8668817686757382, 0.6252351089250082, -0.22846969937213907, 0.3851924830501268, 0.8117827385675889, 0.7255616406333601, 0.7833369630067284, 1.160802463867274, -0.07544447865323253, 1.1476951725080047, 2.3020927071675708, 0.11794612856823006, 0.18563066795960537, -0.09065917316895336, 0.779954667601418, 0.39631763512548107, -0.7352414937312972, -0.3422525611156926, -1.2969230216153813, -0.5253110650966216, -1.4550907443205654], "99827.0987841351": [1.295362310592105, 0.37108793052517425, 1.6425295496516306, 1.2602323914848577, 0.589425659356452, 1.1481884470073964, 1.0175982586646763, 0.6604433073359458, 0.9379357297506634, 0.0463555169282137, 0.4083647772997407, 0.6843456130986587, 0.4753002647564547, 0.7602927981956539, 0.42240741381468216, -0.33472403534747963, 0.6585587929970058, 0.43255858108248707, -0.22133200469600062, 0.8191932017134734, 0.10576329272238341, -2.343709988171071, 1.0108889361688258, 0.04816812860697169, 0.6640658492018455, 0.08091489388908468, 0.2070415546882712, 0.8497745734824218, 0.32190630669599896, 0.8328549250673827, 0.7236280287110084, 0.015245363318725565, 0.31387608207729417, 0.044533560904124136, 0.5596796098615482, 1.0029969693243788, -0.35205666398951263, 0.3931788480682858, 0.5908858514242946, 0.7379112175667226, 0.616493796991531, 1.117062137287975, 0.09310209610372175, 1.0858648311664005, 1.7257592961853667, 0.47961461072117295, 0.24588994684919915, 0.38803228823661384, 0.9104264874316056, 0.39649016806389115, -0.13270773368619376, -0.9277339368481052, -2.3133848532205876, -1.0157544335537758, -1.0573740391613338], "99778.03440471052": [1.6671742093995738, 0.34858091103227895, 1.455071102642214, 1.3390468105499154, 0.6035219515164676, 1.256638991108106, 0.9952953528476046, 0.6648052950238305, 0.9636212551652581, -0.0758904278754387, 0.4484933588299006, 0.6626756575500026, 0.4168134507923262, 0.6522070899191109, 0.4354520510665634, -0.6386315178643365, 0.45180503843581504, 0.39549515963523957, -0.19563842335620008, 0.7578241844565613, 0.09990480610555012, -2.505462774514825, 1.235131666679685, 0.09898486185340474, 0.615453588627199, 0.19899002361904317, 0.2068949761417408, 0.8536536861408918, 0.4637341938751937, 0.7905474559799314, 0.6071528133227378, -0.01452628132963364, 0.27428294640567696, 0.47575328629184355, 0.5186914569177706, 1.1427479072243698, -0.44259792964326455, 0.37933943633537826, 1.1024466031690436, 0.6352922440399665, 0.661314247630049, 1.1302110593477905, -0.004276113446417099, 1.2998090540498475, 1.5640010813209397, 0.07077059996774676, 0.2027605177533189, 0.43497573765620784, 0.9118013225449857, 0.36243235109231753, -0.10206563496954205, -0.9703000497248196, -1.9718801000206168, -1.0812097587039606, -0.7266703559102252], "99764.7094304788": [1.9752402346844444, 0.3697154880366055, 1.562748638915282, 1.3263621990013643, 0.5899339024509422, 0.8747202813198067, 0.9865649932559314, 0.6616609548401793, 0.9393924220375998, 0.07429956106810084, 0.40023008110454783, 0.4857526532271549, 0.3469826027002973, 0.6414635196601497, 0.38446910748469093, -0.4379415564223271, 0.5181998234209723, 0.30635149932748074, -0.844930399785542, 0.7520194283765675, 0.11792474087082358, -2.4426194013799263, 1.4802197842997074, 0.05649872365135969, 0.7791061949512984, 0.6428202446329954, 0.20689482185984787, 0.8583940431686554, 0.47452258913542117, 0.8569678247231489, 0.7588908429113018, -0.0019795541420668666, 0.20422549440694798, 0.9561897886653977, 0.21027129704120714, 1.0761843410077607, -0.5048391128346776, 0.4201775968580812, 1.0621775796224435, 0.7923428568862096, 0.7614263392221944, 1.186844216136516, -0.12352606591689841, 1.0229541078188007, 1.7741014994502722, -0.23208392220656177, 0.17275676827580852, 0.3905201352066142, 0.8939465829745608, 0.5244572242733382, -0.6543440905216991, -1.03907918900089, -1.7511098854275737, -1.1004947110777845, -0.8816575209343304], "99765.1742277143": [1.7723249959693808, 0.47647625068295063, 1.5603334665275113, 1.1601311284991376, 0.62883625592888, 0.517363216273053, 0.7508465854039644, 0.6463906901970768, 0.8749585369701579, 0.4329320796018745, 0.3446886363656595, 0.832316178142186, 0.4984425383123217, 0.702190842855491, 0.45053847356857, 0.6435900875041952, 0.5624697684187357, 0.2643047376380528, -0.4805013768735655, 0.7849451287524809, 0.32875179736285837, -1.9854439595976792, 0.9863455035997073, 0.010917365248293204, 0.7558871935413823, 0.03506449165780847, 0.2063122221399765, 0.8557691955082217, 0.42518307311630277, 0.832006359955518, 0.9285659325960218, -0.014438914314070878, 0.36033679759567905, 0.24835331950801845, 0.8227593588429364, 1.0112026687103688, -0.31577314884571384, 0.33227583373880876, 0.7173856288901356, 0.5682714520246389, 0.5962861476207457, 1.1188206939402787, -0.07491468752597802, 0.925184323485121, 1.9512135734774247, 1.1689177648597393, 0.23492397277361568, 0.008151929996938062, 0.774164116330314, 0.6920755043692033, -0.18804005682941347, -1.0726026902341645, -1.9897615084095976, -0.9397784010818409, -0.9576188413734118], "99763.901210546": [1.2726868806524383, 0.3733642545028982, 1.4819146034158615, 1.6704160292273555, 0.6046281254821017, 0.6811360074741226, 0.9346934761090504, 0.7158725198523969, 0.9352216364905188, 0.2140752389661571, 0.4114731704680345, 0.34423351803332314, 0.2657041280368212, 0.6999163740507446, 0.36760923692702535, 0.07147455967609428, 0.5835354038487268, 0.37250652262095046, -1.4574088815571646, 0.6043373912305403, -0.10330791788875333, -2.753424638112873, 0.9104720641281828, 0.0900744155851574, 1.0553278859323447, 0.6616549489586104, 0.20762522683861495, 0.8638007887888587, 0.6318350573309147, 0.8654935609606492, 0.7257364289686805, -0.027794623421394892, 0.5416248072614237, 1.1638800444404993, 0.012117014725177969, 0.9134885470699419, -0.34103925314228334, 0.4315460640228112, 1.063484029577765, 0.8268021856500744, 0.7239424221612064, 1.2200197593320867, -0.15417055350342354, 0.8997472424061081, 1.5466533925630974, 0.05252315232245289, 0.10208298840797726, 0.3969123051728558, 0.8357337580657996, 0.42935647081781453, -0.9082938185874838, -0.8870664705909126, -2.3277656495903285, -0.9565875722716868, -1.194476973193408],