{"99757.6125550838": [0.4645962128735134, 0.8394405595094658, 0.9583509938594432, 1.4086612628797137, 0.6263143750356587, 0.6198068028852731, 0.723258718445433, 0.7753688228144234, 1.0900546216795828, 0.40082719147565465, 0.4550549319256266, 0.6473226669638059, 0.17457889348890201, 0.6147094748413671, 0.4658019182512697, -0.6118135386363013, 0.0676040714942105, 0.4813875766582156, -0.09725700117081068, 0.9004136237929277, -1.3212809354839794, 0.2924670722886985, 0.6533252781507228, -0.25889813215825086, -0.0007392904277451207, 0.31319270989489284, 0.20675475275432723, 0.7965867642602721, 0.0674473463270497, 0.9239598355255896, 0.6219280817600502, 0.049527828413506766, -0.09196972955703542, 0.23143641758875516, 0.6011912983567287, 0.6043620791607147, -0.19122589110762878, 0.0982104208676528, 0.7901497063345311, 0.4479379640446123, 1.3144395248279483, 1.087140328902907, -0.15214077705792897, 0.22522703720807088, 0.5031796878061054, -0.37822457964753003, 0.43737757527252363, -1.341752865363857, 0.9133378642286567, 0.5991654257293036, -0.8243695438263016, -2.0451216322208707, 0.4330895677322062, 0.5628739921417603, -1.491548884137601], "99764.13287385662": [0.530709903292417, 0.3171989820799329, 1.5480625337563634, 1.435282876672958, 0.6351470401690843, 1.120729826563866, 1.0827740388168015, 0.6486689421434546, 0.843797405654221, 0.07432257452233362, 0.31570334524147275, 0.46953335108770833, 0.12696917913750033, 0.8326724036304498, 0.3886574954039044, -0.04098575064235127, 0.09959080651233623, 0.5105685233523414, -0.5908728613262735, 0.5952213868381276, 0.16920277949696522, -1.93946332385439, 1.7866672010571674, -0.2146640664480305, 0.6917436611675105, 0.3488177777297904, 0.20549616831907144, 0.821143607109642, 0.34125502091366466, 0.8506373427740276, 1.0496346837266686, -0.08306809350467928, 0.021759747235876873, 0.7199222809064938, 0.8668817686757382, 0.6252351089250082, -0.22846969937213907, 0.3851924830501268, 0.8117827385675889, 0.7255616406333601, 0.7833369630067284, 1.160802463867274, -0.07544447865323253, 1.1476951725080047, 2.3020927071675708, 0.11794612856823006, 0.18563066795960537, -0.09065917316895336, 0.779954667601418, 0.39631763512548107, -0.7352414937312972, -0.3422525611156926, -1.2969230216153813, -0.5253110650966216, -1.4550907443205654], "99827.0987841351": [1.295362310592105, 0.37108793052517425, 1.6425295496516306, 1.2602323914848577, 0.589425659356452, 1.1481884470073964, 1.0175982586646763, 0.6604433073359458, 0.9379357297506634, 0.0463555169282137, 0.4083647772997407, 0.6843456130986587, 0.4753002647564547, 0.7602927981956539, 0.42240741381468216, -0.33472403534747963, 0.6585587929970058, 0.43255858108248707, -0.22133200469600062, 0.8191932017134734, 0.10576329272238341, -2.343709988171071, 1.0108889361688258, 0.04816812860697169, 0.6640658492018455, 0.08091489388908468, 0.2070415546882712, 0.8497745734824218, 0.32190630669599896, 0.8328549250673827, 0.7236280287110084, 0.015245363318725565, 0.31387608207729417, 0.044533560904124136, 0.5596796098615482, 1.0029969693243788, -0.35205666398951263, 0.3931788480682858, 0.5908858514242946, 0.7379112175667226, 0.616493796991531, 1.117062137287975, 0.09310209610372175, 1.0858648311664005, 1.7257592961853667, 0.47961461072117295, 0.24588994684919915, 0.38803228823661384, 0.9104264874316056, 0.39649016806389115, -0.13270773368619376, -0.9277339368481052, -2.3133848532205876, -1.0157544335537758, -1.0573740391613338], "99752.53740704287": [1.743326934280931, 0.3743412488734173, 1.4674427799818632, 1.3732984000274442, 0.5936991052306511, 1.0103727156157882, 1.0276033962000828, 0.6661254775485567, 1.0299092001602494, 0.1468262514497411, 0.3959911526259214, 0.6644529985566114, 0.3721349676433934, 0.673474122031569, 0.4141918476455555, -0.6275033098065768, 0.5672550534839554, 0.43338685425503926, -0.34811068548498314, 0.7973207125959512, 0.06153827924788827, -1.9673954433116783, 1.1378935167704889, 0.0692123867115912, 0.6959776262699211, 0.44315083266054767, 0.20704083498922776, 0.8602501953471609, 0.11940376554279147, 0.8128988651537846, 0.6971450586317507, -0.021125804439238574, 0.28669256581483743, 0.4524030577431848, 0.4129324205068645, 0.9444852864240095, -0.43180823457082296, 0.3341815231461652, 0.8928990323736429, 0.6689340244271563, 0.7378627240252777, 1.1103142176425362, -0.03731945929570926, 1.1932578016654631, 1.8208061562822118, -0.0667970130009182, 0.21652970882291878, 0.49458972880741014, 0.9466391487500153, 0.4391729448713939, -0.23619015506380467, -0.9681467824681694, -2.131143618278217, -1.0997386814216343, -0.9606616737260292], "99778.03440471052": [1.6671742093995738, 0.34858091103227895, 1.455071102642214, 1.3390468105499154, 0.6035219515164676, 1.256638991108106, 0.9952953528476046, 0.6648052950238305, 0.9636212551652581, -0.0758904278754387, 0.4484933588299006, 0.6626756575500026, 0.4168134507923262, 0.6522070899191109, 0.4354520510665634, -0.6386315178643365, 0.45180503843581504, 0.39549515963523957, -0.19563842335620008, 0.7578241844565613, 0.09990480610555012, -2.505462774514825, 1.235131666679685, 0.09898486185340474, 0.615453588627199, 0.19899002361904317, 0.2068949761417408, 0.8536536861408918, 0.4637341938751937, 0.7905474559799314, 0.6071528133227378, -0.01452628132963364, 0.27428294640567696, 0.47575328629184355, 0.5186914569177706, 1.1427479072243698, -0.44259792964326455, 0.37933943633537826, 1.1024466031690436, 0.6352922440399665, 0.661314247630049, 1.1302110593477905, -0.004276113446417099, 1.2998090540498475, 1.5640010813209397, 0.07077059996774676, 0.2027605177533189, 0.43497573765620784, 0.9118013225449857, 0.36243235109231753, -0.10206563496954205, -0.9703000497248196, -1.9718801000206168, -1.0812097587039606, -0.7266703559102252], "99764.7094304788": [1.9752402346844444, 0.3697154880366055, 1.562748638915282, 1.3263621990013643, 0.5899339024509422, 0.8747202813198067, 0.9865649932559314, 0.6616609548401793, 0.9393924220375998, 0.07429956106810084, 0.40023008110454783, 0.4857526532271549, 0.3469826027002973, 0.6414635196601497, 0.38446910748469093, -0.4379415564223271, 0.5181998234209723, 0.30635149932748074, -0.844930399785542, 0.7520194283765675, 0.11792474087082358, -2.4426194013799263, 1.4802197842997074, 0.05649872365135969, 0.7791061949512984, 0.6428202446329954, 0.20689482185984787, 0.8583940431686554, 0.47452258913542117, 0.8569678247231489, 0.7588908429113018, -0.0019795541420668666, 0.20422549440694798, 0.9561897886653977, 0.21027129704120714, 1.0761843410077607, -0.5048391128346776, 0.4201775968580812, 1.0621775796224435, 0.7923428568862096, 0.7614263392221944, 1.186844216136516, -0.12352606591689841, 1.0229541078188007, 1.7741014994502722, -0.23208392220656177, 0.17275676827580852, 0.3905201352066142, 0.8939465829745608, 0.5244572242733382, -0.6543440905216991, -1.03907918900089, -1.7511098854275737, -1.1004947110777845, -0.8816575209343304],