{"280469.40395786153": [1.384548362347906, -0.6107552226212328, -0.4572102826747095, -0.26341117677485665, -1.1207415966645262, 0.9510563175108868, 1.6536231553350325, -1.9783284659702247, 2.1424080142659117, -0.9158016920675265, 1.1199557848228474, -1.2419470293353618, 1.092145546285338, -0.5812978360816089, 0.251122972582487, 0.06580311191036815, 2.5200170622905094, 1.5774779331994215, 0.5361030031717804, -0.5527283048141042, 1.1066231222295815, 0.15516718456591638, -1.0632390850291606, 0.13503547003603697, 2.0348005490509595, 0.13243259678600897, 0.8433961721702377, 0.5548122847358106, 1.0034368529390705, 1.36828005309894, 0.37447551217259734, 0.6581310840786612, 0.6316983563590157, 0.2658193057511076, 1.126117151589881, -0.2534839222750932, 0.7766531397401741, 2.4520982683682093, 1.5423476114023096, 0.17293241655034813, 0.23625707184717998, 1.0782543574629835, -0.02949036624608485, -0.11756857092154702, 0.39975488391538494, 2.3114687855896143, 0.3171728996950357, 0.4242173396121861, -0.017885344459007246, -0.5046166001355065, 3.1223570695105143, 1.3134251788230213, 0.2603817603535545, -0.11084314941236405, 0.38778637257488346, 0.03598929436675952, 1.2699620012523245, 0.8605022429186544, 1.3098343381924906, -0.3166869387916947, 0.46756157520103697, 1.3219518215529005, -0.40516372656358046], "386992.8923408827": [1.1986286349866222, -0.3985374498101242, -0.43179148599679623, -0.4741136507745163, -1.057665572443456, 1.1193705880097786, 1.531457389485609, -1.8353095174042862, 2.2985518528630973, -0.9202714618199295, 1.0939024559733617, -1.400591556752565, 1.7149667605649423, -0.8305566284167433, 0.3668807127494369, 0.07397768639090463, 2.7987756493750626, 1.5609439297887158, 0.9318731014579216, -0.4877449236883247, 1.2867243254215346, -0.02559495991250318, -1.136741151206774, 0.06329147716021966, 2.145625152556827, 0.2063880248605475, 0.7599685602797401, 0.3729327340389015, 1.0630680872364893, 1.0594039105947926, 0.4010884162722682, 0.6142367365155368, 0.726803746966223, 0.17856234852753516, 1.1239932020764603, -0.0748803427045961, 0.8323955948408964, 2.547747396829024, 1.473354383611468, 0.0961313981982944, 0.2681301227753119, 0.7173514454230592, 0.1284936688827752, -0.12417303397668661, 0.3378959704755327, 1.9845768819903575, 0.44786133616556123, 0.5842479672864009, 0.12109057497046248, -0.09400708997978954, 3.0093705826044816, 1.2730702031913943, 0.7181119966323948, 0.009944315323608274, 0.4838338469314896, -0.06553341864342427, 1.4203131487723193, 0.7228502941401646, 1.15656344806692, -0.25587074694193124, 0.39548982090351803, 1.3414667437219192, -0.301727259415511], "860712.87677937": [1.3177265804706542, -0.6336754001978263, -0.38587311605685715, -0.4626188836569431, -0.982894208950614, 1.1140369925383078, 1.4380979446478837, -2.3099635457792598, 2.138193434885826, -0.947390597229537, 0.9269543521627874, -1.3474044151340356, 0.8875987330389477, -0.8793163827601971, 0.6750961993689, 0.04297905822281006, 2.8696247247206084, 1.5981626525001735, 0.713462234333742, -0.5680847338044364, 1.1935616088110927, 0.28109586239221684, -1.0576547515515387, -0.06040179063112705, 2.2619676457921063, 0.3292496148564842, 0.3573408155879385, 0.47906328029196765, 1.1080358654958617, 1.3822004353378365, 0.5529080423873979, 0.7078104254200006, 0.592973228146072, 0.2356595056414362, 1.0514401163989697, -0.8290355719075254, 0.8260048164800586, 2.5391599958944835, 1.4025208222951633, 0.14920070881987477, 0.3134939874501789, 0.43481904948160593, -0.0019613183313744453, -0.07443167398198355, 0.28938451148086014, 2.5098363217401203, 0.1417779670393834, 0.3805487902008474, 0.2173820624217251, -0.1041527678427207, 2.9224623897101853, 1.2430622524591548, 0.41989021582684516, 0.05366138373279417, 0.39817132471244965, -0.06321764071300368, 1.2736448442104535, 0.7479183569096629, 1.2416434823168705, -0.5823145982042693, 1.449075963548633, 1.595576508132015, -0.4380510621705278], "977711.4712858782": [1.3052611178165476, -0.6880955172687054, -0.4261836945477619, -0.48265099598688743, -1.0098473206592133, 1.0002558146294511, 1.3268110675987166, -2.3458328178918353, 2.1076956942708938, -0.8366655997440012, 0.82174094830386, -1.3938708037078273, 1.03652167633271, -0.9083339346664048, 0.6343113820379656, 0.00855035339745365, 2.887658736611337, 1.5680603268030906, 0.8854430839629429, -0.6869586945297097, 1.2789358248424745, 0.2309702184054967, -1.1525366000594681, -0.03924310522167007, 2.3075237117429706, 0.2588419245145886, 0.3246430873605172, 0.5345557871646592, 1.0293415027516117, 1.3283084187054754, 0.5272810869602109, 0.5471453773699648, 0.651808977245965, 0.2914871662260219, 1.1101424654410144, -0.7423197700209982, 0.8278221832326542, 2.3881060722928917, 1.2650718413364685, 0.0065430563901331396, 0.3157709624657119, 0.4690018641790689, -0.10283028147796333, 0.008718622818860947, 0.23921929580421292, 2.608721706879786, 0.12260413313335577, 0.43628337495828284, 0.3415400470235388, 0.03961508069966557, 2.6809076987129288, 1.2687651276387915, 0.5537362137250355, 0.35775409135945213, 0.5537425552895299, -0.1972507750022014, 1.3308133827040038, 0.7275256376838161, 1.371858944415784, -0.6478609487641409, 1.4243785268478089, 1.5576847779731426, -0.31287816706288274], "868744.4206452849": [1.4812913205752563, -0.3046762469616823, -0.30782040300414465, -0.32015901957509474, -0.9316524521623302, 1.066543706868314, 1.7467680998368702, -2.2878688059007417, 2.156503348434082, -0.7867513751187952, 0.9789508719404942, -1.3925932076276923, 1.1542608987191976, -0.8763088693958007, 0.6281891760169892, -0.3158891701884087, 2.8099675363817385, 1.597384292177363, 0.6219118089061247, -0.6161045910188092, 1.496389435644871, 0.27420946664395185, -1.2129903125516912, 0.189637207611902, 2.321139062890318, 0.2794870898228349, 0.4720695218816612, 0.5447511049653162, 1.1005074501277667, 1.4454088750075098, 0.8350080934125118, 0.7683828197872217, 0.49112366591847606, 0.12230083758026575, 1.8376748920997135, -0.8731236163640672, 0.9491290426051139, 2.229853474636279, 1.3465582601268509, 0.2107113672497708, 0.22891448670147546, 0.6370952992580818, -0.28426861781998447, -0.11223953177943405, 0.09436674281904203, 2.761906764460245, 0.08543557521606507, 0.4700744862740874, 0.16471640685457792, -0.07880518959715317, 3.3401890372353824, 1.2321247336265222, 0.44909050133319894, -0.13443349298068, 0.4770803690771489, -0.2726387324409931, 1.4511255166790087, 0.8717854122462608, 1.2532979902766606, -0.4939306083193078, 1.4824958727041804, 1.6201911470025383, 0.17758098607864692]}