{"199763.16637816405": [-4.404850798565626, 1.4084273163294965, -1.8068924313215, -0.8067109168034406, 2.348263438604488, -1.6428509623909757, 0.8956892358217393, -0.5074523076576062, 0.07685276666287864, 1.3436537529591988, -0.04970143935717644, -6.803893757824767, 0.6059151063322173, -5.77956422525144, -4.0627970277072265, -0.14940699178902828, 1.08331967167639, 0.9732705014995972, 0.12615772264201355, 3.057644735310723, 12.344948428994618, 4.029764776228554, 1.8413946329777604, 1.5063620864305125, 2.5036202454514314, 0.24206107008994696, -0.037683820118690405, -3.0702429869595615, -1.2020947256856698, -0.42468226583140617, -1.3525224745457955, 6.892699101382249, 7.0436392257720355, 0.7986751220316823, -1.772867900378085, -1.7246482909067111, 3.4878858078833312, -2.0702164052574044, 5.164849746504165, -14.991215554253856, -0.2281992966899578, -1.349304178768446, 10.239709473457754, 7.05392124748183, 0.09706477705063786, -8.615154692729128, -1.380281982905707, 1.3256273416990174, -0.5426391661522719, 0.43724453861423124, 0.09160098201432462, -2.7402562852940386, -1.6124856054376697, 1.1894260323433608, -16.404996418030272], "199762.79572545312": [-4.404489802304433, 1.4044963386344953, -1.8048548484529883, -0.8304894372608177, 2.351914675243329, -1.640832859442191, 0.8914730045483106, -0.5222398686549409, 0.07792554531500363, 1.3431895042537836, -0.05573507193914332, -6.815359613445233, 0.602468451961544, -5.779366097086177, -4.057866548065349, -0.1486937625419868, 1.0850693135750522, 0.9820177146691924, 0.12974201617961412, 3.056902065944586, 12.343158153972755, 4.030116076135787, 1.8451749651046399, 1.5013989954816602, 2.5043996838408717, 0.24214514294018286, -0.037613278403120246, -3.0721920755463175, -1.1983451026062582, -0.424657895712891, -1.354895151675647, 6.892178826199564, 7.038897712245067, 0.7951035674266413, -1.7717128932367894, -1.729379775488994, 3.4746950429341363, -2.0711335981577226, 5.162403255994098, -14.990502233054455, -0.22303552661192028, -1.3531858351079857, 10.239231862100864, 7.051077912661509, 0.09062398345358748, -8.62348038091116, -1.393798607345827, 1.329858924219158, -0.5458135047168959, 0.43613179477889974, 0.1008658638749758, -2.736393818997547, -1.6217656947553254, 1.1893901614033442, -16.395021934136494], "199756.8411511369": [-4.405914359374565, 1.403425113202849, -1.8154031158464419, -0.799052251271453, 2.3617502821266707, -1.6527138385350824, 0.8921014913240105, -0.49831119056459505, 0.08168724730408498, 1.3461134755999882, -0.052873295152063855, -6.811619776343808, 0.6190422474034747, -5.779358991141722, -4.067570236958174, -0.18554781714796426, 1.088595632297072, 0.9916106327679715, 0.12021818821752471, 3.0590335921237806, 12.333258713978307, 4.027988226104127, 1.8418833302747082, 1.5099750075327816, 2.5016355962648746, 0.24185366368765554, -0.038004303004400455, -3.070308540909464, -1.1983068083459352, -0.4201445969387085, -1.350346339672708, 6.89405900257438, 7.043184566718041, 0.8070686490866477, -1.787502653896948, -1.7196240523745652, 3.472324854280464, -2.0685080026848284, 5.165731272837216, -15.004853779699218, -0.233380914496566, -1.3470044003652446, 10.224505573435534, 7.0577063904204165, 0.09508804487170355, -8.619001411769922, -1.3735531459682844, 1.3188076578404522, -0.5432825942316092, 0.4460164447281326, 0.08810691637578426, -2.7606586691094255, -1.5975189982553308, 1.1892806521469492, -16.400983230208162], "199756.48672615053": [-4.405896070521766, 1.403394831240844, -1.8151741781207702, -0.797817076035524, 2.363179028426106, -1.6524623502465274, 0.8921647477410759, -0.5012879331712985, 0.08207556911655402, 1.3466043765181286, -0.05273891274294386, -6.810699347707747, 0.6170835587913374, -5.779347556229028, -4.067373194377202, -0.19085707535429874, 1.0888040039238436, 0.9913965158184905, 0.12133363597798291, 3.058854256160717, 12.33133439956497, 4.0279061079516705, 1.8413537619936229, 1.511625587129267, 2.5010312539673794, 0.24195966889602977, -0.03799717923143504, -3.070450924080583, -1.1981841061563767, -0.4208463136415647, -1.3495346686262153, 6.894052052016897, 7.043061916970999, 0.8068354851800495, -1.7887551548242835, -1.7194300693139024, 3.4743106612699863, -2.067174226136384, 5.1660189076518845, -15.003118007531189, -0.23344476074181686, -1.3477710728088836, 10.22350988713729, 7.052303884045842, 0.09554891783279944, -8.615366415632774, -1.3726429341355604, 1.3189695136349138, -0.5435897313285322, 0.4459325965782752, 0.08889474775924221, -2.7625864214162514, -1.5990296685026184, 1.1890318338535328, -16.40212742342173], "199758.1443930003": [-4.405833433428613, 1.4035510206119657, -1.8154073445918575, -0.803463216740986, 2.3655625215693328, -1.650848507493106, 0.8922232463915584, -0.5005389603295158, 0.08153697659017325, 1.3473750236253126, -0.05304560904759375, -6.809191128219679, 0.6177423842137689, -5.77939598141725, -4.066955694414215, -0.19034161442741743, 1.0890211990843894, 0.992934380256719, 0.12136738278867054, 3.0584501361088274, 12.329538910005892, 4.027621926419397, 1.8414047909846374, 1.51246444362062, 2.5015192592425786, 0.24195582728164594, -0.03794348178558931, -3.070294406159811, -1.1977986309803956, -0.4200408493158893, -1.3489482772287225, 6.894044762524627, 7.041971119917466, 0.8074534846554172, -1.7894161204681944, -1.719390664165917, 3.473448900966704, -2.0673988611814504, 5.165657662973188, -15.003763241887027, -0.23336092472693504, -1.3479940835471769, 10.224130229505365, 7.052182782066603, 0.09593268187005337, -8.619881164251408, -1.3740543556004516, 1.319237166694417, -0.5436077446157561, 0.4447754818447292, 0.09017993556097804, -2.7601753882978124, -1.5987001196526855, 1.188273590344558, -16.4019985508199]}